-- phpMyAdmin SQL Dump
-- version 4.3.11
-- http://www.phpmyadmin.net
--
-- 主機: 127.0.0.1
-- 產生時間： 2015-10-01: 01:07:29
-- 伺服器版本: 5.6.24
-- PHP 版本： 5.6.8

SET SQL_MODE = "NO_AUTO_VALUE_ON_ZERO";
SET time_zone = "+00:00";


/*!40101 SET @OLD_CHARACTER_SET_CLIENT=@@CHARACTER_SET_CLIENT */;
/*!40101 SET @OLD_CHARACTER_SET_RESULTS=@@CHARACTER_SET_RESULTS */;
/*!40101 SET @OLD_COLLATION_CONNECTION=@@COLLATION_CONNECTION */;
/*!40101 SET NAMES utf8 */;

--
-- 資料庫： `mydb`
--

-- --------------------------------------------------------

--
-- 資料表結構 `addfriend`
--

CREATE TABLE IF NOT EXISTS `addfriend` (
  `sendMember` int(11) NOT NULL,
  `receiveMember` int(11) NOT NULL
) ENGINE=InnoDB DEFAULT CHARSET=utf8;

-- --------------------------------------------------------

--
-- 資料表結構 `alert`
--

CREATE TABLE IF NOT EXISTS `alert` (
  `alertNo` int(11) NOT NULL,
  `context` varchar(700) CHARACTER SET utf8 NOT NULL,
  `receivedNo` int(11) NOT NULL
) ENGINE=InnoDB AUTO_INCREMENT=80 DEFAULT CHARSET=latin1;

--
-- 資料表的匯出資料 `alert`
--

INSERT INTO `alert` (`alertNo`, `context`, `receivedNo`) VALUES
(36, '阿緯對你發出了好友邀請', 0),
(40, '452424對你發出了好友邀請', 8),
(46, '452424接受了你的邀請', 4),
(49, '阿緯接受了你的邀請', 4),
(51, '阿緯接受了你的邀請', 7),
(52, '阿緯接受了你的邀請', 9),
(53, '阿緯接受了你的邀請', 10),
(54, '阿緯接受了你的邀請', 11),
(57, '阿緯接受了你的邀請', 4),
(60, '阿緯接受了你的邀請', 7),
(66, '阿緯對你發出了好友邀請', 6),
(79, '伊翠絲接受了你的邀請', 20);

-- --------------------------------------------------------

--
-- 資料表結構 `file`
--

CREATE TABLE IF NOT EXISTS `file` (
  `FileNo` int(10) NOT NULL,
  `FileName` varchar(200) CHARACTER SET utf8 NOT NULL,
  `FileType` varchar(50) CHARACTER SET utf8 NOT NULL,
  `FileSize` varchar(50) CHARACTER SET utf8 NOT NULL,
  `FileUrl` varchar(200) CHARACTER SET utf8 NOT NULL,
  `ResultNo` int(10) NOT NULL
) ENGINE=InnoDB AUTO_INCREMENT=141 DEFAULT CHARSET=latin1;

--
-- 資料表的匯出資料 `file`
--

INSERT INTO `file` (`FileNo`, `FileName`, `FileType`, `FileSize`, `FileUrl`, `ResultNo`) VALUES
(2, '150509222550.png', 'image/png', '2382', 'uploadfile/8_150509222550.png', 8),
(3, '7037260-windows-8-wallpaper-hd.jpg', 'image/jpeg', '116697', 'uploadfile/9_7037260-windows-8', 9),
(4, '7037260-windows-8-wallpaper-hd.jpg', 'image/jpeg', '116697', 'uploadfile/10_7037260-windows-', 10),
(5, '7037260-windows-8-wallpaper-hd.jpg', 'image/jpeg', '116697', 'uploadfile/11_7037260-windows-8-wallpaper-hd.jpg', 11),
(6, '1PG允許公司內部進行產品.ppt', 'application/vnd.ms-powerpoint', '34304', 'uploadfile/15_1PG允許公司內部進行產品.ppt', 15),
(7, '2_1_3.doc', 'application/msword', '314368', 'uploadfile/16_2_1_3.doc', 16),
(8, '2015年5月12日全球每天最新ESET NOD32用戶名和密碼(NOD32升極ID分享)(不設權限', 'application/octet-stream', '1191', 'uploadfile/17_2015年5月12日全球每天最新ESET NOD32用戶名和密碼(NOD32升極ID分享)(不設權限歡迎取.rar', 17),
(9, '123455.rar', 'application/octet-stream', '1191', 'uploadfile/18_123455.rar', 18),
(10, '美麗的神話.gif', 'image/gif', '39494', 'uploadfile/22_美麗的神話.gif', 22),
(11, 'a.jpg', 'image/jpeg', '88405', 'uploadfile/23_a.jpg', 23),
(12, '', '', '', 'uploadfile/24_', 24),
(13, 'HW3_B10109007.rar', 'application/octet-stream', '14888', 'uploadfile/25_HW3_B10109007.rar', 25),
(14, 'fire1.wav', 'audio/wav', '24064', 'uploadfile/26_fire1.wav', 26),
(15, 'b10109021童宇群hw1.pdf', 'application/pdf', '1493730', 'uploadfile/27_b10109021童宇群hw1.pdf', 27),
(16, '1.htm', 'text/html', '304', 'uploadfile/21_1.htm', 21),
(17, '1.htm', 'text/html', '304', 'uploadfile/21_1.htm', 21),
(18, '1.htm', 'text/html', '304', 'uploadfile/19_1.htm', 19),
(19, '1.htm', 'text/html', '304', 'uploadfile/19_1.htm', 19),
(20, '8_150509222550.png', 'image/png', '2382', 'uploadfile/31_8_150509222550.png', 31),
(21, '26_fire1.wav', 'audio/wav', '24064', 'uploadfile/32_26_fire1.wav', 32),
(22, '17_2015年5月12日全球每天最新ESET NOD32用戶名和密碼(NOD32升極ID分享)(不設權限歡迎取.rar', 'application/octet-stream', '1191', 'uploadfile/33_17_2015年5月12日全球每天最新ESET NOD32用戶名和密碼(NOD32升極ID分享)(不設權限歡迎取.rar', 33),
(23, '11_7037260-windows-8-wallpaper-hd.jpg', 'image/jpeg', '116697', 'uploadfile/35_11_7037260-windows-8-wallpaper-hd.jpg', 35),
(24, 'girl.png', 'image/png', '13059', 'uploadfile/37_girl.png', 37),
(25, '1.jpg', 'image/jpeg', '45655', 'uploadfile/39_1.jpg', 39),
(26, '2.JPG', 'image/jpeg', '1784993', 'uploadfile/40_2.JPG', 40),
(27, '3.jpg', 'image/jpeg', '1360901', 'uploadfile/41_3.jpg', 41),
(28, '5.jpg', 'image/jpeg', '930194', 'uploadfile/43_5.jpg', 43),
(29, '4.png', 'image/png', '89806', 'uploadfile/42_4.png', 42),
(30, '6.JPG', 'image/jpeg', '1237229', 'uploadfile/44_6.JPG', 44),
(31, '7.jpg', 'image/jpeg', '119445', 'uploadfile/45_7.jpg', 45),
(32, '8.jpg', 'image/jpeg', '102072', 'uploadfile/46_8.jpg', 46),
(33, '9.png', 'image/png', '4344', 'uploadfile/47_9.png', 47),
(34, '10.jpg', 'image/jpeg', '475469', 'uploadfile/48_10.jpg', 48),
(35, '11.jpeg', 'image/jpeg', '113926', 'uploadfile/49_11.jpeg', 49),
(36, '12.jpg', 'image/jpeg', '28318', 'uploadfile/50_12.jpg', 50),
(37, 'taiwan image.rar', 'application/octet-stream', '1081872', 'uploadfile/51_taiwan image.rar', 51),
(38, '英譯中報告.pptx', 'application/vnd.openxmlformats-officedocument.pres', '760718', 'uploadfile/52_英譯中報告.pptx', 52),
(39, '13.jpg', 'image/jpeg', '243010', 'uploadfile/53_13.jpg', 53),
(40, '14.jpg', 'image/jpeg', '649463', 'uploadfile/54_14.jpg', 54),
(41, '15.jpg', 'image/jpeg', '163243', 'uploadfile/55_15.jpg', 55),
(42, '16.ashx', 'application/octet-stream', '18504', 'uploadfile/56_16.ashx', 56),
(43, '17.jpg', 'image/jpeg', '9446', 'uploadfile/57_17.jpg', 57),
(44, '品牌.pptx', 'application/vnd.openxmlformats-officedocument.pres', '459178', 'uploadfile/58_品牌.pptx', 58),
(45, '13.jpg', 'image/jpeg', '243010', 'uploadfile/53_13.jpg', 53),
(46, '10.jpg', 'image/jpeg', '475469', 'uploadfile/48_10.jpg', 48),
(47, '7.jpg', 'image/jpeg', '119445', 'uploadfile/45_7.jpg', 45),
(48, '6.JPG', 'image/jpeg', '1237229', 'uploadfile/44_6.JPG', 44),
(49, '8.jpg', 'image/jpeg', '102072', 'uploadfile/46_8.jpg', 46),
(50, '5.jpg', 'image/jpeg', '930194', 'uploadfile/43_5.jpg', 43),
(51, '11.jpeg', 'image/jpeg', '113926', 'uploadfile/49_11.jpeg', 49),
(52, '', '', '', 'uploadfile/61_', 61),
(53, '', '', '', 'uploadfile/62_', 62),
(54, 'template.docx', 'application/vnd.openxmlformats-officedocument.word', '14749', 'uploadfile/63_template.docx', 63),
(55, 'class.smtp.php', 'application/octet-stream', '31062', 'uploadfile/64_class.smtp.php', 64),
(56, '', '', '', 'uploadfile/67_', 67),
(57, '', '', '', 'uploadfile/68_', 68),
(58, '', '', '', 'uploadfile/72_', 72),
(59, '薩滿12勝.png', 'image/png', '135971', 'uploadfile/83_薩滿12勝.png', 83),
(60, '', '', '', 'uploadfile/84_', 84),
(61, '', '', '', 'uploadfile/85_', 85),
(62, '花蓮泛舟.png', 'image/png', '227160', 'uploadfile/86_花蓮泛舟.png', 86),
(63, 'achieves2.php', 'application/octet-stream', '53539', 'uploadfile/87_achieves2.php', 87),
(64, 'far from.jpg', 'image/jpeg', '105473', 'uploadfile/89_far from.jpg', 89),
(65, '11899634_919313794800957_1309966427_n.jpg', 'image/jpeg', '85288', 'uploadfile/90_11899634_919313794800957_1309966427_n.jpg', 90),
(66, '11849332_1783565155204097_1071051360_n.jpg', 'image/jpeg', '47102', 'uploadfile/91_11849332_1783565155204097_1071051360_n.jpg', 91),
(67, '11856603_518246308354084_562579249_n.jpg', 'image/jpeg', '32121', 'uploadfile/92_11856603_518246308354084_562579249_n.jpg', 92),
(68, '11848841_1248627705163414_592270532_n.jpg', 'image/jpeg', '54711', 'uploadfile/93_11848841_1248627705163414_592270532_n.jpg', 93),
(69, '11809734_549182338566408_17359583_n.jpg', 'image/jpeg', '51107', 'uploadfile/94_11809734_549182338566408_17359583_n.jpg', 94),
(70, '11850177_843218739109628_487582520_n.jpg', 'image/jpeg', '61857', 'uploadfile/95_11850177_843218739109628_487582520_n.jpg', 95),
(71, '11875436_1719759341572887_847560739_n.jpg', 'image/jpeg', '46564', 'uploadfile/96_11875436_1719759341572887_847560739_n.jpg', 96),
(72, '11356514_915883955134960_1114255637_n.jpg', 'image/jpeg', '43240', 'uploadfile/97_11356514_915883955134960_1114255637_n.jpg', 97),
(73, '11821283_1529671650626771_1200159796_n.jpg', 'image/jpeg', '42875', 'uploadfile/98_11821283_1529671650626771_1200159796_n.jpg', 98),
(74, '11875481_1112491905445758_1386416297_n.jpg', 'image/jpeg', '51885', 'uploadfile/99_11875481_1112491905445758_1386416297_n.jpg', 99),
(75, '11353002_865058090241170_878652574_n.jpg', 'image/jpeg', '37613', 'uploadfile/101_11353002_865058090241170_878652574_n.jpg', 101),
(76, 'Kung Fu Panda 2.docx', 'application/vnd.openxmlformats-officedocument.word', '15952', 'uploadfile/100_Kung Fu Panda 2.docx', 100),
(77, '11261820_1632243893684079_1883938189_n.jpg', 'image/jpeg', '57381', 'uploadfile/102_11261820_1632243893684079_1883938189_n.jpg', 102),
(78, 'Oral.docx', 'application/vnd.openxmlformats-officedocument.word', '13095', 'uploadfile/103_Oral.docx', 103),
(79, '11246539_670566893076946_483548033_n.jpg', 'image/jpeg', '40821', 'uploadfile/104_11246539_670566893076946_483548033_n.jpg', 104),
(80, 'people_15.jpg', 'image/jpeg', '177402', 'uploadfile/105_people_15.jpg', 105),
(81, '英美文學名著與電影賞析.rar', 'application/octet-stream', '28742', 'uploadfile/106_英美文學名著與電影賞析.rar', 106),
(82, '10979628_1572206863037365_649814873_n.jpg', 'image/jpeg', '71188', 'uploadfile/107_10979628_1572206863037365_649814873_n.jpg', 107),
(83, '10950245_1543679222552023_381250182_n.jpg', 'image/jpeg', '66816', 'uploadfile/108_10950245_1543679222552023_381250182_n.jpg', 108),
(84, 'taitrain.jpg', 'image/jpeg', '86230', 'uploadfile/111_taitrain.jpg', 111),
(85, '1380127769-2665588134_n.jpg', 'image/jpeg', '68500', 'uploadfile/112_1380127769-2665588134_n.jpg', 112),
(86, '欒斌.jpg', 'image/jpeg', '113341', 'uploadfile/113_欒斌.jpg', 113),
(87, 'eng.JPG', 'image/jpeg', '12151', 'uploadfile/115_eng.JPG', 115),
(88, 'MIS.pdf', 'application/pdf', '727861', 'uploadfile/117_MIS.pdf', 117),
(89, '理財.jpg', 'image/jpeg', '15330', 'uploadfile/118_理財.jpg', 118),
(90, '下載.jpg', 'image/jpeg', '8829', 'uploadfile/114_下載.jpg', 114),
(91, '巴爾札克與小裁縫.jpg', 'image/jpeg', '122860', 'uploadfile/119_巴爾札克與小裁縫.jpg', 119),
(92, '001.jpg', 'image/jpeg', '100277', 'uploadfile/120_001.jpg', 120),
(93, '12.jpg', 'image/jpeg', '238641', 'uploadfile/121_12.jpg', 121),
(94, '12.jpg', 'image/jpeg', '238641', 'uploadfile/121_12.jpg', 121),
(95, 'z_0001_15097.JPG', 'image/jpeg', '184225', 'uploadfile/122_z_0001_15097.JPG', 122),
(96, 'Sokugeki_no_Souma.jpg', 'image/jpeg', '106254', 'uploadfile/123_Sokugeki_no_Souma.jpg', 123),
(97, '', '', '', 'uploadfile/124_', 124),
(98, '', '', '', 'uploadfile/125_', 125),
(99, '12.jpg', 'image/jpeg', '238641', 'uploadfile/126_12.jpg', 126),
(100, 'z_0001_15097.JPG', 'image/jpeg', '184225', 'uploadfile/127_z_0001_15097.JPG', 127),
(101, 'Shigatsuwakiminouso.jpg', 'image/jpeg', '64839', 'uploadfile/128_Shigatsuwakiminouso.jpg', 128),
(102, '', '', '', 'uploadfile/129_', 129),
(103, 'ECOAT.pptx', 'application/vnd.openxmlformats-officedocument.pres', '1589693', 'uploadfile/110_ECOAT.pptx', 110),
(104, '', '', '', 'uploadfile/130_', 130),
(105, '', '', '', 'uploadfile/131_', 131),
(106, '1.png', 'image/png', '695466', 'uploadfile/132_1.png', 132),
(107, '20140329_IMG_1384 - 複製.JPG', 'image/jpeg', '753507', 'uploadfile/133_20140329_IMG_1384 - 複製.JPG', 133),
(108, 'C360_2014-04-03-10-45-27-843.jpg', 'image/jpeg', '775282', 'uploadfile/134_C360_2014-04-03-10-45-27-843.jpg', 134),
(109, 'IMAG0281.jpg', 'image/jpeg', '1917536', 'uploadfile/135_IMAG0281.jpg', 135),
(110, 'IMG_3271.JPG', 'image/jpeg', '427789', 'uploadfile/136_IMG_3271.JPG', 136),
(111, '001.jpg', 'image/jpeg', '178102', 'uploadfile/137_001.jpg', 137),
(112, 'IMG_3427.JPG', 'image/jpeg', '730859', 'uploadfile/138_IMG_3427.JPG', 138),
(113, '10622880_709850895731021_6259550947826202174_n.jpg', 'image/jpeg', '63672', 'uploadfile/139_10622880_709850895731021_6259550947826202174_n.jpg', 139),
(114, 'DSC05183.JPG', 'image/jpeg', '455712', 'uploadfile/140_DSC05183.JPG', 140),
(115, 'DSC05445.JPG', 'image/jpeg', '214100', 'uploadfile/141_DSC05445.JPG', 141),
(116, '10720999_781109655268090_628781150_n.jpg', 'image/jpeg', '154519', 'uploadfile/142_10720999_781109655268090_628781150_n.jpg', 142),
(117, '10348608_815407145171674_6839072645144156869_n.jpg', 'image/jpeg', '48882', 'uploadfile/143_10348608_815407145171674_6839072645144156869_n.jpg', 143),
(118, '10888710_943952632295885_1978287105219247627_n.jpg', 'image/jpeg', '45655', 'uploadfile/144_10888710_943952632295885_1978287105219247627_n.jpg', 144),
(119, 'DSC_0100.JPG', 'image/jpeg', '1066833', 'uploadfile/145_DSC_0100.JPG', 145),
(120, '4.jpg', 'image/jpeg', '49623', 'uploadfile/146_4.jpg', 146),
(121, 'IMG_4181.jpg', 'image/jpeg', '373784', 'uploadfile/147_IMG_4181.jpg', 147),
(122, 'DSC_0742.JPG', 'image/jpeg', '1784993', 'uploadfile/148_DSC_0742.JPG', 148),
(123, '', '', '', 'uploadfile/_', 0),
(124, '', '', '', 'uploadfile/_', 0),
(125, '', '', '', 'uploadfile/149_', 149),
(126, '未命名.png', 'image/png', '655337', 'uploadfile/150_未命名.png', 150),
(127, 'news_xlarge_acmagame.jpg', 'image/jpeg', '93533', 'uploadfile/151_news_xlarge_acmagame.jpg', 151),
(128, '0000959985.JPG', 'image/jpeg', '138986', 'uploadfile/152_0000959985.JPG', 152),
(129, 'd6a227fc9dca4e629b262d3b034726e1.JPG', 'image/jpeg', '151166', 'uploadfile/153_d6a227fc9dca4e629b262d3b034726e1.JPG', 153),
(130, 'z_0001_14702.JPG', 'image/jpeg', '87186', 'uploadfile/154_z_0001_14702.JPG', 154),
(131, '20140708_8478_123642_31783de941f5f14e812998d1defd641c.jpg', 'image/jpeg', '195521', 'uploadfile/155_20140708_8478_123642_31783de941f5f14e812998d1defd641c.jpg', 155),
(132, '4.jpg', 'image/jpeg', '91402', 'uploadfile/156_4.jpg', 156),
(133, '4.jpg', 'image/jpeg', '91402', 'uploadfile/156_4.jpg', 156),
(134, '4.jpg', 'image/jpeg', '91402', 'uploadfile/156_4.jpg', 156),
(135, '4.jpg', 'image/jpeg', '91402', 'uploadfile/156_4.jpg', 156),
(136, '', '', '', 'uploadfile/157_', 157),
(137, 'imagesCA4OST3O.jpg', 'image/jpeg', '6101', 'uploadfile/158_imagesCA4OST3O.jpg', 158),
(138, '', '', '', 'uploadfile/159_', 159),
(139, '948209684-1.doc', 'application/msword', '43008', 'uploadfile/160_948209684-1.doc', 160),
(140, 'Desert.jpg', 'image/jpeg', '845941', 'uploadfile/161_Desert.jpg', 161);

-- --------------------------------------------------------

--
-- 資料表結構 `friend`
--

CREATE TABLE IF NOT EXISTS `friend` (
  `memberNo` int(11) NOT NULL,
  `friendNo` int(11) NOT NULL
) ENGINE=InnoDB DEFAULT CHARSET=latin1;

--
-- 資料表的匯出資料 `friend`
--

INSERT INTO `friend` (`memberNo`, `friendNo`) VALUES
(1, 2),
(1, 3),
(1, 5),
(1, 14),
(2, 1),
(3, 1),
(3, 14),
(5, 1),
(14, 1),
(14, 3),
(14, 5),
(14, 6);

-- --------------------------------------------------------

--
-- 資料表結構 `image`
--

CREATE TABLE IF NOT EXISTS `image` (
  `ImageNo` int(10) NOT NULL,
  `ImageName` varchar(50) CHARACTER SET utf8 NOT NULL,
  `ImageType` varchar(50) CHARACTER SET utf8 NOT NULL,
  `ImageSize` int(30) NOT NULL,
  `ImageUrl` varchar(100) CHARACTER SET utf8 NOT NULL
) ENGINE=InnoDB AUTO_INCREMENT=13 DEFAULT CHARSET=latin1;

--
-- 資料表的匯出資料 `image`
--

INSERT INTO `image` (`ImageNo`, `ImageName`, `ImageType`, `ImageSize`, `ImageUrl`) VALUES
(0, '111', 'image/jpeg', 1111, 'image/photo.jpg'),
(1, 'pikasilde9.jpg', 'image/jpeg', 4542, 'image/upload/1437633735pikasilde9.jpg'),
(7, '20140420_213723.jpg', 'image/jpeg', 973516, 'image/upload/144323984220140420_213723.jpg'),
(8, '以你的智商難解釋.jpg', 'image/jpeg', 12138, 'image/upload/1443240342以你的智商難解釋.jpg'),
(9, '魯夫.jpg', 'image/jpeg', 12230, 'image/upload/1443240039魯夫.jpg'),
(10, '10996464_1059673314047873_2015447449690904805_n.jp', 'image/jpeg', 44935, 'image/upload/144324017910996464_1059673314047873_2015447449690904805_n.jpg'),
(11, 'head.png', 'image/png', 25547, 'image/upload/1443500415head.png'),
(12, 'download.jpg', 'image/jpeg', 19664, 'image/upload/1443553825download.jpg');

-- --------------------------------------------------------

--
-- 資料表結構 `member_table`
--

CREATE TABLE IF NOT EXISTS `member_table` (
  `MemberNo` int(10) NOT NULL,
  `UserName` varchar(50) CHARACTER SET utf8 NOT NULL,
  `Password` varchar(15) CHARACTER SET utf8 NOT NULL,
  `Registertime` timestamp(6) NOT NULL DEFAULT CURRENT_TIMESTAMP(6) ON UPDATE CURRENT_TIMESTAMP(6),
  `Lastlogin` datetime(6) NOT NULL,
  `todayNo` int(11) NOT NULL
) ENGINE=InnoDB AUTO_INCREMENT=21 DEFAULT CHARSET=latin1;

--
-- 資料表的匯出資料 `member_table`
--

INSERT INTO `member_table` (`MemberNo`, `UserName`, `Password`, `Registertime`, `Lastlogin`, `todayNo`) VALUES
(1, 'mark12433@gmail.com', '123456', '2015-09-30 16:49:13.178774', '2015-10-01 00:49:13.000000', 1),
(2, 'abc123@gmail.com', '123', '2015-09-26 03:58:18.523386', '2015-09-26 11:58:18.000000', 0),
(3, 'PoorEng@gmail.com', '0000', '2015-09-29 14:58:51.356219', '2015-09-29 22:58:51.000000', 0),
(5, 'aaaaaa@gmail.com', 'aaaaaa', '2015-09-26 04:02:30.179387', '2015-09-26 12:02:30.000000', 0),
(6, '1@1.1', '1', '2015-09-26 04:04:42.583587', '2015-09-26 12:04:42.000000', 0),
(7, '2@2.2', '222', '2015-09-07 13:04:52.951674', '0000-00-00 00:00:00.000000', 0),
(8, '3@3.3', '333', '2015-09-07 13:10:33.682434', '0000-00-00 00:00:00.000000', 0),
(9, '5@5.5', '555', '2015-09-07 13:11:40.209464', '0000-00-00 00:00:00.000000', 0),
(10, '6@6.6', '666', '2015-09-07 13:12:53.248374', '0000-00-00 00:00:00.000000', 0),
(11, '7@7.7', '777', '2015-09-07 13:13:32.074208', '0000-00-00 00:00:00.000000', 0),
(12, 'af@c', 'ff', '2015-09-15 10:30:51.804901', '0000-00-00 00:00:00.000000', 0),
(13, 'k@a', 'kk', '2015-09-16 09:35:11.773889', '0000-00-00 00:00:00.000000', 0),
(14, 'etrace12345@gmail.com', '123456', '2015-09-30 16:58:19.511381', '2015-10-01 00:58:19.000000', 24),
(15, 'jrzxc110@gmail.com', '123', '2015-09-29 06:30:17.175271', '2015-09-29 14:30:17.000000', 0),
(16, 'ccc@c.c', 'ccc', '2015-09-22 13:34:58.061596', '2015-09-22 21:34:58.000000', 0),
(17, '9527@2.7', '9527', '2015-09-24 11:30:34.364313', '2015-09-24 19:30:34.000000', 0),
(18, '123@23.com', '123', '2015-09-29 12:18:52.771771', '2015-09-29 20:18:52.000000', 0),
(19, 'test123@gmail.com', '123456', '2015-09-29 12:36:16.012592', '2015-09-29 20:36:16.000000', 0),
(20, 'tiar1415622@gmail.com', '123456', '2015-09-30 16:46:37.416382', '2015-10-01 00:46:37.000000', 0);

-- --------------------------------------------------------

--
-- 資料表結構 `output`
--

CREATE TABLE IF NOT EXISTS `output` (
  `OutputNo` int(11) NOT NULL,
  `Title` varchar(50) CHARACTER SET utf8 NOT NULL,
  `Style` int(11) NOT NULL,
  `LastUpdate` timestamp NOT NULL DEFAULT CURRENT_TIMESTAMP,
  `shareKey` varchar(10) NOT NULL,
  `MemberNo` int(11) NOT NULL
) ENGINE=InnoDB AUTO_INCREMENT=66 DEFAULT CHARSET=latin1;

--
-- 資料表的匯出資料 `output`
--

INSERT INTO `output` (`OutputNo`, `Title`, `Style`, `LastUpdate`, `shareKey`, `MemberNo`) VALUES
(22, '台東山水之旅', 1, '2015-09-28 07:17:15', '1111', 1),
(32, '台北路跑活動', 1, '2015-09-28 03:30:50', 'LRJ14T7hnZ', 1),
(36, '中級英文寫作檔案', 1, '2015-09-26 05:57:56', '6MRoN8ie6w', 1),
(37, '英文演講', 2, '2015-09-26 05:58:14', 'tL0OGn6LC9', 1),
(38, '情人碼頭', 2, '2015-09-26 14:21:55', 'L6KN018rON', 1),
(39, '學校工讀', 2, '2015-09-26 05:59:31', '87z481E00a', 1),
(40, '圖多多', 2, '2015-09-24 04:18:52', 's5Ma08x4Fn', 1),
(41, '88888', 2, '2015-09-07 15:38:45', 'sWv9QO9EFx', 1),
(42, '5555', 2, '2015-09-16 04:00:25', 'wNWsk8143i', 1),
(43, '2222', 2, '2015-09-07 15:53:09', '3g7A52fg8W', 1),
(44, '', 2, '2015-09-14 07:53:44', 'Ej2rKoLLPJ', 1),
(45, '9999', 1, '2015-09-14 15:00:50', 'OnV19jT7PI', 7),
(46, '2222', 2, '2015-09-14 15:05:35', '5DKBuzpR2h', 7),
(48, 'gg', 1, '2015-09-15 10:42:39', 'uFy6uSfgt4', 12),
(49, '456', 2, '2015-09-16 04:15:10', 'rgACEBp3gq', 12),
(51, '', 1, '2015-09-21 21:11:48', 'T8q4155kvn', 1),
(52, '745', 1, '2015-09-24 01:36:57', '4D26ll139r', 1),
(53, '6', 1, '2015-09-24 01:41:00', 'c0FrGE9BpF', 1),
(54, '1111', 1, '2015-09-24 04:19:49', 'dYGDsU5phV', 1),
(55, 'Facebook Share Popup', 2, '2015-09-24 11:49:37', 'A5gipAnVaM', 1),
(56, 'j', 1, '2015-09-28 02:35:37', '0x5eahqe9C', 1),
(57, 'j', 1, '2015-09-28 02:38:12', 'bWh5q0XB44', 1),
(58, '電影日誌', 2, '2015-09-29 05:09:58', 'Sr6HD7e83Z', 14),
(59, '課程大事紀', 1, '2015-09-30 10:50:39', '9NTYg6LI8f', 14),
(64, '我的旅遊大小事', 1, '2015-09-30 16:17:15', 'Q6DzUt4M32', 14),
(65, '肥宅漫畫大亂鬥', 2, '2015-09-30 16:20:14', 'M74QLjj45d', 14);

-- --------------------------------------------------------

--
-- 資料表結構 `profile`
--

CREATE TABLE IF NOT EXISTS `profile` (
  `Name` varchar(15) CHARACTER SET utf8 COLLATE utf8_unicode_ci NOT NULL,
  `Gender` varchar(10) CHARACTER SET utf8 COLLATE utf8_unicode_ci NOT NULL,
  `Background` varchar(15) CHARACTER SET utf8 COLLATE utf8_unicode_ci NOT NULL,
  `PhotoUrl` int(5) NOT NULL,
  `EngName` varchar(30) CHARACTER SET utf8 NOT NULL,
  `Birth` date DEFAULT NULL,
  `phoneNum` varchar(20) CHARACTER SET utf8 NOT NULL,
  `liveplace` varchar(20) CHARACTER SET utf8 NOT NULL,
  `bornplace` varchar(20) CHARACTER SET utf8 NOT NULL,
  `interest` text CHARACTER SET utf8 NOT NULL,
  `skill` text CHARACTER SET utf8 NOT NULL,
  `selfintro` text CHARACTER SET utf8 NOT NULL,
  `MemberNo` int(10) NOT NULL
) ENGINE=InnoDB DEFAULT CHARSET=latin1;

--
-- 資料表的匯出資料 `profile`
--

INSERT INTO `profile` (`Name`, `Gender`, `Background`, `PhotoUrl`, `EngName`, `Birth`, `phoneNum`, `liveplace`, `bornplace`, `interest`, `skill`, `selfintro`, `MemberNo`) VALUES
('皮卡丘', '男', '神奇寶貝大學電擊系', 1, 'PiKaChu', '1997-04-01', '28825252', '小智肩膀上', '真心鎮', '電人', '十萬伏特', '大家好，我是鼻孔癢，小智是我的別跟我搶，我討厭神奇寶貝球，所以住在小智肩膀上，我13KG，小智肩膀都我訓練的，啾咪<3', 1),
('鈞棓', '', '42452452', 7, '22', '2015-07-15', '52452', '245245', '245242452', '452524', '52424525', '12345', 2),
('Lufe', '', '', 9, '', '0000-00-00', '', '', '', '', '', '', 3),
('阿洋', '', '', 10, '', '0001-01-01', '', '', '', '', '', '', 5),
('阿星', '', '', 8, '', '1000-01-01', '', '', '', '', '', '', 6),
('', '', '', 0, '', NULL, '', '', '', '', '', '', 7),
('', '', '', 0, '', NULL, '', '', '', '', '', '', 8),
('', '', '', 0, '', NULL, '', '', '', '', '', '', 9),
('', '', '', 0, '', NULL, '', '', '', '', '', '', 10),
('', '', '', 0, '', NULL, '', '', '', '', '', '', 11),
('gg', '女', 'ggggggggggggggg', 0, 'gg', '2015-09-15', 'gggggggggggggggggggg', 'gggggggggggggggggggg', 'gggggggggggggggggggg', 'gggggggggggggggggggg', 'gggggggggggggggggggg', 'gggggggggggggggggggggggggggggggggggggggggggggggggggggggggggggggggggggggggggggggggggggggggggggggggggg', 12),
('', '', '', 0, '', '0000-00-00', '', '', '', '', '', '', 13),
('伊翠絲', '女', '台灣科技大學', 11, 'ETrace', '2014-09-18', '3939889', '台北市', '台北市', '紀錄任何有趣的人、事、物', '整理資料、照片', '大家好，我是ETrace，大家可以利用我將自己的檔案、照片、文件、文字、或是影片上傳整理並分類，並透過此網站所提供的不同樣式輸出，每個樣式，就像在一面牆上貼滿便利貼，藉由幾個按鈕，把文字、圖片、影片、檔案等物件放入，使用者可以創造出屬於自己獨一無二的分享內容並透過社群網站分享喔', 14),
('阿洲', '', '台灣大學', 0, 'like', '2015-09-22', '09111111111', '彰化', '澳門', '爐石', '爆肝', '這網頁好神啊', 15),
('', '', '', 0, '', NULL, '', '', '', '', '', '', 16),
('', '', '', 0, '', NULL, '', '', '', '', '', '', 17),
('', '', '', 0, '', NULL, '', '', '', '', '', '', 18),
('', '', '', 0, '', NULL, '', '', '', '', '', '', 19),
('菜仔', '女', 'NTUST', 12, 'BBoCai', '1994-06-22', '0986789789', '台北', '台中', '打屁聊天、吃好吃食物', '用壞電腦無人能敵', '嗨嗨大家好我是撞人不眨眼和可愛到沒天理再肥沃都能被原諒的菇菇寶貝的唷。如果有童年打game的應該都認識我喔喔喔喔!揪咪', 20);

-- --------------------------------------------------------

--
-- 資料表結構 `result`
--

CREATE TABLE IF NOT EXISTS `result` (
  `ResultNo` int(10) NOT NULL,
  `Title` varchar(100) CHARACTER SET utf8 COLLATE utf8_unicode_ci NOT NULL,
  `Description` varchar(255) CHARACTER SET utf8 COLLATE utf8_unicode_ci NOT NULL,
  `StartTime` datetime(6) NOT NULL,
  `EndTime` datetime(6) NOT NULL,
  `Classify` varchar(15) CHARACTER SET utf8 COLLATE utf8_unicode_ci NOT NULL,
  `Content` text CHARACTER SET utf8 COLLATE utf8_unicode_ci NOT NULL,
  `UploadTime` timestamp(6) NOT NULL DEFAULT CURRENT_TIMESTAMP(6) ON UPDATE CURRENT_TIMESTAMP(6),
  `MediaUrl` varchar(100) CHARACTER SET utf8 NOT NULL,
  `MemberNo` int(10) NOT NULL
) ENGINE=InnoDB AUTO_INCREMENT=162 DEFAULT CHARSET=latin1;

--
-- 資料表的匯出資料 `result`
--

INSERT INTO `result` (`ResultNo`, `Title`, `Description`, `StartTime`, `EndTime`, `Classify`, `Content`, `UploadTime`, `MediaUrl`, `MemberNo`) VALUES
(40, '彩虹眷村', '', '1970-01-01 00:00:00.000000', '1970-01-01 00:00:00.000000', 'activities', '帶學旻蔬菜在台中玩還睡在我家~', '2015-09-16 13:09:20.300088', '', 1),
(44, '資管系會交接', '', '1970-01-01 00:00:00.000000', '1970-01-01 00:00:00.000000', 'activities', '第N屆~有好多食物吃吃吃吃吃吃廢物曾詩詩吃完就走了廢物曾詩詩吃完就走了廢物曾詩詩吃完就走了廢物曾詩詩吃完就走了ddddddwwwwwww', '2015-09-22 13:33:32.495379', '', 1),
(45, '太白粉路跑&MIS團', '', '2013-06-19 00:00:00.000000', '2013-06-19 00:00:00.000000', 'execrise', '太陽光拉我們~結果我掰咖不能跑....還被劉肥仔潑了一身的太白粉!!!此仇不報非君子~8595659', '2015-09-26 04:22:05.433804', '', 1),
(46, '晚班工讀', '', '1970-01-01 00:00:00.000000', '1970-01-01 00:00:00.000000', 'Class', '嗨嗨很多員工~有很可愛的店長還有一群常打game的同事', '2015-09-16 13:57:42.608811', '', 1),
(47, '行政工讀', '', '1970-01-01 00:00:00.000000', '1970-01-01 00:00:00.000000', 'Class', '哀呀呀呀1', '2015-09-16 13:57:42.608811', '', 1),
(48, '資管宜蘭系遊', '', '1970-01-01 00:00:00.000000', '1970-01-01 00:00:00.000000', 'activities', '太陽光拉我們~結果我掰咖不能跑....還被劉肥仔潑了一身的太白粉!!!此仇不報非君子~8595659222222', '2015-09-07 10:43:31.126672', '', 1),
(51, '網頁制作之rar檔2M很難符合資格', '', '0000-00-00 00:00:00.000000', '0000-00-00 00:00:00.000000', 'academic', '嗨嗨嗨嗨認識了新朋友QQ', '2015-09-26 04:36:16.325202', '', 1),
(52, '英譯中', '', '0000-00-00 00:00:00.000000', '0000-00-00 00:00:00.000000', 'academic', '嗨嗨嗨聽說我在報告時不經意的跟全班說屁啦之類的粗話哈哈哈難怪老師一直對我笑...', '2015-09-26 04:36:16.325202', '', 1),
(53, '台科運動會之學旻奔跑記', '', '2015-09-15 00:00:00.000000', '2015-09-15 00:00:00.000000', 'execrise', '大隊接力 所以算有運動!2', '2015-09-22 11:35:43.681907', '', 1),
(54, 'UBike環小台北', '', '0000-00-00 00:00:00.000000', '0000-00-00 00:00:00.000000', 'execrise', '和室友巧芳耶很悠閒的騎完一圈而且可惡這樣租UBiket超貴的啦啦啦啦齁', '2015-08-01 07:22:39.539118', '', 1),
(55, 'UBike(台科-鶯歌)', '', '0000-00-00 00:00:00.000000', '0000-00-00 00:00:00.000000', 'execrise', '乾我腿根本廢了騎到快往生，騎了多久我也忘了，光是麒鶯歌就累死突然覺得騎腳踏車環島這件事真的是......只能說加油ㄏㄏ!', '2015-08-01 07:25:20.797405', '', 1),
(56, '暑期工讀-這個好像是圖片但是奇怪的副檔名', '', '2015-08-12 00:00:00.000000', '2015-08-18 00:00:00.000000', 'Class', '我和另一個工讀生在那邊作一作就眼皮一直蓋下來~真是TMD太無聊拉!快要目脫', '2015-09-16 13:57:42.608811', '', 1),
(57, '台科畢業舞會-工作人員', '', '0000-00-00 00:00:00.000000', '0000-00-00 00:00:00.000000', 'activities', '', '2015-09-17 04:40:30.317505', 'https://youtu.be/ELSPYKZqr9g', 1),
(58, '品牌實務', '', '1970-01-01 00:00:00.000000', '1970-01-01 00:00:00.000000', 'academic', '22222222', '2015-09-26 04:36:16.325202', '', 1),
(59, 'YOUTUBE騎車', '', '2015-07-10 00:00:00.000000', '2015-07-22 00:00:00.000000', 'execrise', '今天跟好多老同學一起騎車，然後有人提議把我們的過程拍了一部小短片，氣氛真好......', '2015-09-26 04:31:37.623561', 'https://youtu.be/r8PPYv83wtY', 1),
(61, '沒檔案2', '', '2015-08-15 00:00:00.000000', '2015-08-15 00:00:00.000000', 'execrise', '沒檔案2', '2015-09-16 15:15:18.986539', '', 1),
(62, '88888', '', '2015-08-15 00:00:00.000000', '2015-08-15 00:00:00.000000', 'academic', '888888', '2015-09-26 04:36:16.325202', '', 1),
(63, '999999', '', '2015-08-15 00:00:00.000000', '2015-08-15 00:00:00.000000', 'academic', '2222222', '2015-09-26 04:36:16.325202', '', 1),
(64, '88888', '', '2015-08-15 00:00:00.000000', '2015-08-15 00:00:00.000000', 'academic', '111111', '2015-09-26 04:36:16.325202', '', 1),
(65, '99999', '', '0000-00-00 00:00:00.000000', '0000-00-00 00:00:00.000000', 'academic', '99999', '2015-09-26 04:36:16.325202', '', 1),
(66, '8888', '', '2015-08-22 00:00:00.000000', '2015-08-22 00:00:00.000000', '洋神乾瞪眼', '888888888', '2015-08-22 10:43:47.641019', '', 3),
(67, '222222', '', '2015-08-23 00:00:00.000000', '2015-08-23 00:00:00.000000', '古箏', '22222222222222', '2015-09-26 04:36:25.091077', '', 1),
(68, '測試', '', '2015-08-27 00:00:00.000000', '2015-08-27 00:00:00.000000', 'Class', '測試測試測試測試測試測試測試', '2015-09-16 13:57:42.608811', '', 1),
(69, '2015/8/31', '', '2015-08-31 00:00:00.000000', '2015-08-31 00:00:00.000000', 'Class', '8/31', '2015-09-16 13:57:42.608811', '', 1),
(70, '測2', '', '2015-08-31 00:00:00.000000', '2015-08-31 00:00:00.000000', 'execrise', '測2測2測2測2測2測2', '2015-08-31 15:36:41.161963', '', 1),
(71, '測3', '', '2015-08-31 00:00:00.000000', '2015-08-31 00:00:00.000000', 'Class', '測3測3測3測3測3測3測3測3', '2015-09-16 13:57:42.608811', '', 1),
(72, '8888', '', '2015-08-31 00:00:00.000000', '2015-08-31 00:00:00.000000', 'Class', '88888', '2015-09-16 13:57:42.608811', '', 1),
(75, 'gggggggggg', '', '2015-09-15 00:00:00.000000', '2015-09-15 00:00:00.000000', 'gg', 'gggggggggggggggggggggggggggggggggggggggggggggggggggggggggggggggggggggggggggggggggggggggggggggggggggggggggggggggggggggggggggggggggggggggggggggggggggggggggggggggggggggggggggggggggggggggggggggggggggggggggggggggggggggggggggggggggggggggggggggggggggggggggggggggggggggggggggggggggggggggggggggggggggggggggggggggggggggggggggggggggggggggggggggggggggggggggggggggggggggggggggggggggggggggggggggggggggggggggggggggggggggggggggggggggggggggggggggggggggggggggggggggggggggggggggggggggggggggggggggggggggggggggggggggggggg', '2015-09-16 10:19:00.117747', 'https://youtu.be/JwB84aUgxac', 12),
(76, 'gone', '', '2015-09-03 00:00:00.000000', '2015-09-03 00:00:00.000000', '', 'gone', '2015-09-16 09:37:09.595653', 'gone', 13),
(77, 'ddd', '', '2015-09-15 00:00:00.000000', '2015-09-16 00:00:00.000000', 'Class', 'eeeeee', '2015-09-16 13:14:03.432340', 'https://youtu.be/j6MeBrM_bBc', 1),
(78, 'ddddddddd', '', '2015-08-15 00:00:00.000000', '2015-09-16 00:00:00.000000', 'Class', 'fffffffff', '2015-09-16 13:33:28.881306', 'https://youtu.be/MLgp-2IMP_I', 1),
(83, '8888', '', '2015-09-22 00:00:00.000000', '2015-09-22 00:00:00.000000', '888', '88888', '2015-09-21 20:50:19.501654', '', 15),
(84, 'helo', '', '2015-09-22 00:00:00.000000', '2015-09-22 00:00:00.000000', 'execrise', 'text', '2015-09-21 21:10:43.538883', '', 1),
(85, '88888888', '', '2015-09-24 00:00:00.000000', '2015-09-24 00:00:00.000000', '古箏', '5555555', '2015-09-26 04:36:25.091077', '', 1),
(86, '測試9_24', '', '2015-09-24 00:00:00.000000', '2015-09-24 00:00:00.000000', 'execrise', '測試-----------', '2015-09-24 11:26:41.934876', 'https://youtu.be/c6MptXZL_JY', 1),
(87, 'test12345', '', '2015-09-24 00:00:00.000000', '2015-09-24 00:00:00.000000', 'execrise', '74564', '2015-09-24 12:54:11.467984', '', 1),
(88, '', '', '0000-00-00 00:00:00.000000', '0000-00-00 00:00:00.000000', '', '啦', '2015-09-26 02:08:51.815013', '', 0),
(89, '遠離塵囂：珍愛相隨 (Far from the Madding Crowd)', '', '2015-09-29 00:00:00.000000', '2015-09-29 00:00:00.000000', '電影', '我們都知道真心難得，卻總是將真心交給一個不懂珍惜的人。\r\nWe all know how valuable our heart is, yet we tend to give it to someone who doesn’t know how to cherish it.', '2015-09-29 05:26:50.843974', '', 14),
(90, '初戀那件小事 (A Little Thing Called Love)', '', '2010-08-25 00:00:00.000000', '2015-09-29 00:00:00.000000', '電影', '我所做的一切，都代表了那句說不出口的我愛你。', '2015-09-29 05:29:03.249572', '', 14),
(91, '浩劫重生 (Cast Away)', '', '2000-09-20 00:00:00.000000', '2015-09-29 00:00:00.000000', '電影', '希望就是，絕望時支撐你走下去的任何動力。\r\nAt times of despair, hope is anything that keeps you going.', '2015-09-29 05:27:39.372760', '', 14),
(92, '神隱少女 (Spirited Away)', '', '2001-07-11 00:00:00.000000', '2015-09-29 00:00:00.000000', '電影', '所謂成熟，就是明白自己該做什麼，要往哪去。', '2015-09-29 04:37:04.601577', '', 14),
(93, '史瑞克2 (Shrek 2)', '', '2004-06-16 00:00:00.000000', '2015-09-29 00:00:00.000000', '電影', '如果你喜歡自己，就不用一直煩惱要怎樣讓別人喜歡你。', '2015-09-29 04:37:00.401338', '', 14),
(94, '命運好好玩 (Click)', '', '2006-05-15 00:00:00.000000', '2015-09-29 00:00:00.000000', '電影', '生命中很多重要的事，總是不經意在生活中被忽略。\r\nWe often neglect the most important things in life when we are busy living.', '2015-09-29 05:22:34.910283', '', 14),
(95, '白日夢冒險王 (The Secret Life of Wal', '', '2013-07-25 00:00:00.000000', '2015-09-29 00:00:00.000000', '電影', '想要改變，就要有離開舒適圈的準備。\r\n If you want changes to happen, be prepared to leave your comfort zone.', '2015-09-29 05:22:19.013372', '', 14),
(96, '楚門的世界 (The Truman Show)', '', '1998-07-22 00:00:00.000000', '2015-09-29 00:00:00.000000', '電影', '我寧可被真相傷害，也不願被謊言安慰。\r\nHurt me with the truth, but never comfort me with a lie.', '2015-09-29 05:21:55.276010', '', 14),
(97, '冰雪奇緣 (Frozen)', '', '2013-10-10 00:00:00.000000', '2013-10-10 00:00:00.000000', '電影', '有些人，是值得你為了他融化的。\r\n"Some people are worth melting for."', '2015-09-29 05:21:38.421043', '', 14),
(98, '真愛挑日子 (One Day)', '', '2015-09-29 00:00:00.000000', '2015-09-29 00:00:00.000000', '電影', '看到一個人的優點叫做喜歡；包容一個人的缺點才是愛。', '2015-09-29 04:42:57.306820', '', 14),
(99, '派特的幸福劇本 (Silver Linings Playbook)', '', '2012-07-11 00:00:00.000000', '2015-09-29 00:00:00.000000', '電影', '付出真心不難，難的是找到那個值得的人。', '2015-09-29 04:43:56.890241', '', 14),
(100, '英文字彙與閱讀', '', '2012-09-20 00:00:00.000000', '2013-06-20 00:00:00.000000', '課程', '老師人很好~~很重視出席率，學期全勤會再加分，上課抽點同學唸課文，期中期末考課本習題，考前有複習的話95分以上跑不掉，期中考完下一堂課會看電影(快樂腳跟功夫熊貓2)，看完寫一頁A4英文心得，期末繳交，沒有報告。', '2015-09-29 04:45:56.026077', 'https://youtu.be/V7vjxhqMPng', 14),
(101, '瓦力 (WALL·E)', '', '2008-06-10 00:00:00.000000', '2015-09-29 00:00:00.000000', '電影', '讓人感動的不只是你的陪伴，更是你從未抱怨過的等待。', '2015-09-29 04:46:10.609916', '', 14),
(102, '向左走．向右走（Turn Left, Turn Right）', '', '2003-07-24 00:00:00.000000', '2015-09-29 00:00:00.000000', '電影', '我們都在這個熟悉而陌生的城市中，無助地尋找著一個陌生而熟悉的身影。\r\nWe are all strangers to this familiar city, helplessly looking for a stranger who is so familiar to us.', '2015-09-29 05:20:06.226751', '', 14),
(103, '英語口語訓練', '', '2012-09-20 00:00:00.000000', '2013-06-20 00:00:00.000000', '課程', '第一堂課要大家用英文自我介紹，加退選完老師會幫我們分組，按照點名單順序分的，四人一組，之後上課都按照組別坐，上課內容就是對照課本上的單元，課堂中會傳麥克風下來，所以每堂課每個人都會發言到，每一~二周就會有作業，偶爾需要口頭報告，像是介紹家鄉美食或者一本書，考試有聽說也有讀寫，不確定評分標準。', '2015-09-29 04:48:23.157521', '', 14),
(104, '傲慢與偏見 (Pride and Prejudice)', '', '2005-09-13 00:00:00.000000', '2015-09-29 00:00:00.000000', '電影', '有的人說我愛你，開口閉口只有他自己。有的人從不說我愛你，言談舉止裡卻都是你。\r\nSome always say they like you, but they hardly do so; and some never say so, but they always do so.', '2015-09-29 05:19:30.029672', '', 14),
(105, '司馬中原藝文講座', '', '2013-02-19 00:00:00.000000', '2013-06-11 00:00:00.000000', '課程', '每週的課程都會有一個特定主題，司馬爺爺就照著主題相關的話題來聊，聊文化上的看法，到對人生態度的想法，所以只要坐在台下專心的聽講就可以了，算是很輕鬆的一門課。評分的方式是寫心得，上課有固定座位表。', '2015-09-29 04:52:15.981884', '', 14),
(106, '英美文學名著與電影賞析', '', '2013-02-18 00:00:00.000000', '2013-06-10 00:00:00.000000', '課程', '每看完兩次電影挑一部寫，期中是回家寫心得，期末需在課堂上寫心得跟分組報告。', '2015-09-29 04:54:06.198212', '', 14),
(107, '天外奇蹟 (Up)', '', '2009-07-10 00:00:00.000000', '2015-09-29 00:00:00.000000', '電影', '選定一條要走的路，再選定一個一起走的人，就一直走到最後吧。\r\nChoose a path, then choose a person to walk with. Now walk together, until the end.', '2015-09-29 05:19:10.429548', 'https://youtu.be/KrtoqIpQXkY', 14),
(108, '少年Pi的奇幻漂流 (Life of Pi)', '', '2012-07-25 00:00:00.000000', '2015-09-29 00:00:00.000000', '電影', '人生就是不斷的放下；但讓人遺憾的是，沒能好好地道別。\r\n"Life is an act of letting go, but what always hurts the most is not taking a moment to say goodbye."', '2015-09-29 05:18:40.769845', 'https://youtu.be/GQaE0fL3IRw', 14),
(109, '英文歌曲學文化', '', '2013-09-12 00:00:00.000000', '2014-01-07 00:00:00.000000', '課程', '唱唱歌學英文也學到歌詞中帶有的文化背景，很好玩，老師另外也教了發音、連音，期末有報告，還有朗誦一段英文歌詞。', '2015-09-29 04:58:51.615592', 'https://youtu.be/CyaI6EsWwt8', 14),
(110, '商用英文', '', '2014-02-25 00:00:00.000000', '2014-06-17 00:00:00.000000', '課程', '收穫滿多的英文課~~~~~~~~上了英文書信、cover letter，履歷、簡報英文等，上課如果認真聽考試其實都挺簡單的，期末要英文報告，想出一個創意商品然後介紹它的特色、價位、族群等等。', '2015-09-29 05:00:20.612702', '', 14),
(111, '網頁製作', '', '2014-02-21 00:00:00.000000', '2014-06-13 00:00:00.000000', '課程', '學了一些網頁製作相關軟體，像是Dreamweaver、Notepad++，也介紹了Bootstrap、Photoshop等，沒有考試，期末需完成一個網站!!!', '2015-09-29 05:01:21.320186', '', 14),
(112, '商事法', '', '2014-09-18 00:00:00.000000', '2015-01-08 00:00:00.000000', '課程', '老師常常用時事梗來解釋商事法，然後也會帶我們去法院參觀~~上課有聽考試就會寫~~只考期末，大概占70%，出席30%。', '2015-09-29 05:06:02.178305', '', 14),
(113, '電子商業', '', '2014-09-17 00:00:00.000000', '2015-01-14 00:00:00.000000', '課程', '老師超有趣~常常跟我們分享他自己的經驗，有2-3次會請業師來上課，還會去電腦教室教我們體驗啤酒遊戲，每周幾乎都有作業，考試只有一次，而且還可以用手機查資料~', '2015-09-29 05:06:45.831811', '', 14),
(114, '基礎理財規劃實務', '', '2014-09-23 00:00:00.000000', '2015-01-06 00:00:00.000000', '課程', '學了證券、股票等，老師還會教我們分辨偽鈔，上課會抽點名，期中期末考選擇題。', '2015-09-29 05:08:11.808745', '', 14),
(115, '商用英文書信', '', '2014-09-24 00:00:00.000000', '2015-01-07 00:00:00.000000', '課程', '學了很多英文書信寫法，上課會點人唸課文，自願分享自己的答案在黑板會加分，每節課都點名。', '2015-09-29 05:09:06.000860', '', 14),
(116, '初級日文(一)', '', '2014-09-23 00:00:00.000000', '2015-01-06 00:00:00.000000', '課程', '老師非常尊重學生意見，評分標準跟用書都給學生自己決定的，上課也會走下來跟學生用日文做問答，還會用影片、歌曲教你學日文。', '2015-09-29 05:11:25.898884', 'https://youtu.be/dFf4AgBNR1E', 14),
(117, '管理資訊系統', '', '2014-09-19 00:00:00.000000', '2015-06-26 00:00:00.000000', '課程', '上課分組討論個案，討論完會有作業，期末找個案報告，老師對學生超棒，上課很輕鬆，還會變出很多食物!!!!!!!!而且也常常分享他在業界的經驗~~', '2015-09-29 05:12:18.984932', '', 14),
(118, '投資理財實務', '', '2015-03-02 00:00:00.000000', '2015-06-15 00:00:00.000000', '課程', '上課不會只是用ppt，還會請學生上台一起演戲教理財，讓其他同學更快理解，期中期末都考ppt內容。', '2015-09-29 05:15:46.197825', '', 14),
(119, '影視文學導讀', '', '2012-09-25 00:00:00.000000', '2013-01-15 00:00:00.000000', '課程', '這是一堂從影視學文學的好課，老師非常有趣，也介紹了我們好多影片，每看完一部就有一張學習單，期末有分組報告跟考試，考試就盡情發揮自己的想法，整學期上完都沒有壓力!!!', '2015-09-29 05:17:42.035473', '', 14),
(120, '黑色五葉草', '', '2015-09-29 00:00:00.000000', '2015-09-29 00:00:00.000000', '漫畫收藏', '曾經險些遭到魔神毀滅的世界，拯救它的是一位被後世稱為「魔法帝」的魔導士……兩位被遺棄在教堂的少年，一位是有卓越魔力跟魔法才能的四葉草魔導書的尤諾，另一位魔法值為零但卻意外獲得黑色五葉草的魔法書的阿斯塔……這是關於一位沒魔法能力的少年卻想要成為魔法帝的故事。', '2015-09-29 07:54:04.568595', '', 14),
(121, '一拳超人', '', '2015-09-29 00:00:00.000000', '2015-09-29 00:00:00.000000', '漫畫收藏', '主角埼玉於求職無門時碰到怪人、決定依循兒時成為英雄的夢想而當上「因為興趣使然的英雄」；苦練了三年、以掉光所有頭髮為代價，化身成毫無弱點的超級英雄，只需一拳便能輕鬆地擊敗怪獸。然而，他變得如此強大，甚至從災禍中拯救了多個城市，卻竟然無人知曉，一直在一個破爛小鎮當一個無名英雄，在他意外間收下的徒弟傑諾斯的提議下，埼玉決定申請加入英雄協會，期望獲得更多尊重與認同。', '2015-09-29 08:04:00.066902', '', 14),
(122, '我的英雄學院', '', '2015-09-29 00:00:00.000000', '2015-09-29 00:00:00.000000', '漫畫收藏', '一開始的異變是發生在中國的輕慶市關於「發光的嬰兒出生」的新聞，此後獲得超能力的人在各地被發現，隨著時光流逝，不知不覺百分之80％以上的人類都擁有著名為「個性」的超能力，因有個性而在世間作惡犯罪的人敵急速增加，於是打擊犯罪、救援他人的新職業英雄應運而生，並成為最熱門的職業。少年綠谷出久因為受到英雄動畫的影響，從小他的志願就是成為偉大的英雄，可是他與常人不同的是出久 卻是世上稀有的無個性人。因無個性，而在夢想與現實間煩惱著要不要去就讀職業英雄高校雄英高校英雄科的出久，直到在高校考試前的某一天，與他從小最崇拜的英雄歐爾麥特相遇了......', '2015-09-29 11:33:33.975642', '', 14),
(123, '食戟之靈', '', '2015-09-29 00:00:00.000000', '2015-09-29 00:00:00.000000', '漫畫收藏', '品的舞台是位於東京內的一所料理名校「遠月學園」，國中畢業之後為了作繼承家業「幸平餐館」的主角幸平創真因為父親的指示來到這裡，以特別編入生就讀。在畢業率不到百分之十的「遠月學園」裏，來自各地廚藝精銳的年輕人彼此較勁，是互相爭奪料理頂點的戰場。在這料理便是一切的世界，所有敵人都必須用料理來征服。為了擊敗對手，互相賭上等價的賭注，用料理進行的單對單決鬥，就是遠月的傳統料理對決－「食戟」。', '2015-09-29 11:36:19.720987', '', 14),
(128, '四月是你的謊言', '', '2015-09-29 00:00:00.000000', '2015-09-29 00:00:00.000000', '漫畫收藏', '男主角有馬公生自小接受母親嚴格的鋼琴訓練，以按照樂譜精準彈奏的能力在各項音樂比賽中獲勝，被人稱作「神童」（動畫作品內，亦有被稱為「提線人偶」、「人肉節拍器」、「惡魔的孩子」）。然而11歲時母親病逝，加上自身對彈奏的迷惘，陷入聽不見鋼琴聲音的心境障礙，選擇放棄鋼琴彈奏。\r\n\r\n國中三年級時，某一天在青梅竹馬椿的介紹下，認識同年級的小提琴手——宮園薰，並於一場合奏的音樂比賽中被薰自由奔放的演奏風格所吸引，自此心境與日常生活開始轉變。', '2015-09-29 14:52:39.766004', '', 14),
(132, '烏來老街泡溫泉', '', '2014-01-15 00:00:00.000000', '2014-01-15 00:00:00.000000', '旅遊', '一大清早被挖起來去烏來，凌晨五點多根本欄不到車阿，幸好有個早鳥司機拯救我們，但不知為何聊到他曾載過帶刀帶槍的客人逃離現場，也太八點檔!!!!!話說跟室友去烏來吸芬多精結果山友很熱情拿好吃食物給我們吃~~~好感動阿阿阿，害我想常常來烏來但是好遠好懶惰，一整天下來得到的結論大概是(1)烏來真的沒啥食物可買(2)有室外溫泉欸~~~(3)瀑布爬山很舒服~但是要坐計程車去嗚嗚沒錢阿但是司機大哥人很好', '2015-09-30 10:49:17.402170', '', 14),
(133, '大安森林公園', '', '2014-03-31 00:00:00.000000', '2014-03-31 00:00:00.000000', '旅遊', '出外踏青曬曬太陽行個光合作用以免在家發霉，這裡還不錯很適合大小朋友來玩，晚上六點捷運站好像還會發光還是噴水的忘記了，還有不少人架好相機在這坐等美景，但我覺得普普哈哈我以為會被美景嚇到', '2015-09-30 10:49:17.402170', '', 14),
(134, '騎UBike環小台北', '', '2014-04-03 00:00:00.000000', '2014-04-03 00:00:00.000000', '旅遊', '又是早起趕緊出門怕中午太陽曬屁股體力不支拉，路上有好心路人指引我們道路，雖然我們像個智障一直亂騎，最後騎完臨時決定衝去爬象山，好累阿已經體力透支但是很好玩，而最後很圓滿的結束這回合(P.S.租UBike騎整天很虧錢阿....我哭)', '2015-09-30 10:49:17.402170', '', 14),
(135, '台中演武場', '', '2014-05-10 00:00:00.000000', '2014-05-10 00:00:00.000000', '旅遊', '和狗蓁衝去玩，然後幫她拍ㄍㄟ掰照哈哈哈好白吃，還迷路我真是太笨以為她不是路痴了............', '2015-09-30 10:49:17.402170', '', 14),
(136, '宜蘭熱血之旅', '', '2014-06-22 00:00:00.000000', '2014-06-22 00:00:00.000000', '旅遊', '太陽超大但是我們熱情不滅!兩個女生就在大太陽下騎著摩托車到處亂跑，海邊好多人架好相機等拍波濤洶湧的海浪，我們還不小心入鏡....跑了好多景點，一路走走停停很輕鬆，深怕曬黑的兩人很認真的一直補防曬很白痴哈哈哈，對了還拍了不少ㄍㄟ掰照，話說羅東夜市有好吃牛肉蔥捲餅，心滿意足的回家囉~~~~超級無敵開新拉，對了本日最佳照片大概就是劉學旻翻白眼照片~~超好修圖變超可怕照片的~_~...', '2015-09-30 10:49:17.402170', '', 14),
(137, '亞人', '', '2015-09-30 00:00:00.000000', '2015-09-30 00:00:00.000000', '漫畫收藏', '最早在1980年代，於非洲的戰場被發現不會死亡的人類。自那之後在人類當中會不時發現一些不死的新物種，人們稱其為「亞人」。故事發生在現代，普通高中學生永井圭遇到交通意外即時死亡，隨後在下一刻死而復生，圭因此被判斷是新發現的「亞人」，然後被巨額懸紅追捕。\r\n\r\n為了逃離政府的追捕而展開大逃亡，永井圭進入逃亡生涯，而在逃亡期間永井圭無意識間發動了「亞人」的潛在能力。永井圭在得到其他亞人同伴幫助，終於逃出研究機構，可是又要面對亞人佐藤引發的亞人革命。', '2015-09-29 17:48:07.783832', '', 14),
(138, '侯硐-菁桐-十分', '', '2014-06-23 00:00:00.000000', '2014-06-23 00:00:00.000000', '旅遊', '資管團出動囉，好像又是突然揪的然後又衝出去玩哈哈', '2015-09-30 10:49:17.402170', '', 14),
(139, '台南行', '', '2014-08-19 00:00:00.000000', '2014-08-19 00:00:00.000000', '旅遊', '雖然我很想放北爛的照片但我怕被殺掉，所以只好放張正經的哈哈哈\r\n', '2015-09-30 10:49:17.402170', '', 14),
(140, '溪頭森林遊樂區', '', '2014-08-31 00:00:00.000000', '2014-08-31 00:00:00.000000', '旅遊', '和家人出門吸吸芬多精，山上真的是避暑勝地阿!', '2015-09-30 10:49:17.402170', '', 14),
(141, '台東日出', '', '2014-09-06 00:00:00.000000', '2014-09-06 00:00:00.000000', '旅遊', '什麼金針山太麻里的通通都衝去拉!還有覺得付了錢的初鹿牧場，和鹿野高台的滑草!!若是在這玩飛行傘那該有多好?那天際一定很遼闊，可惜就是好貴阿，杉原海水域場我喜歡~跟著海浪一起隨波搖擺~~~蘇胡~~既大一時候超慘的跨年淡水看日出，終於讓我看了個爽爽的日初拉，雖然像個白吃一樣4點起床，兩個人爆肝不敵睡意睡著了', '2015-09-30 10:49:17.402170', '', 14),
(142, '萬華剝皮寮', '', '2014-10-11 00:00:00.000000', '2014-10-11 00:00:00.000000', '旅遊', '這裡是個很可愛的景點~古色古香的，女生大概很愛   拍照哈哈', '2015-09-30 10:49:17.402170', '', 14),
(143, '板橋耶誕城', '', '2014-12-20 00:00:00.000000', '2014-12-20 00:00:00.000000', '旅遊', '和室友一起來過耶誕節太幸福拉~~只不過有點人擠人就是了~_~超害怕走散', '2015-09-30 10:49:17.402170', '', 14),
(144, '廬山清淨農場跨年', '', '2015-01-01 00:00:00.000000', '2015-01-01 00:00:00.000000', '旅遊', '一群人白吃竟然從台中騎車到清淨，齁有夠冷還好我穿兩件褲子，在廬山泡室外的溫泉好爽阿~~~只是出來就好冷阿........在山上遇到一群青年在拍畢業照，太可愛ㄌ', '2015-09-30 10:49:17.402170', '', 14),
(145, '青田街-四四南村', '', '2015-01-17 00:00:00.000000', '2015-01-17 00:00:00.000000', '旅遊', '在四四南村意外的遇到有人拍婚紗照，也太正點了吧!!!', '2015-09-30 10:49:17.402170', '', 14),
(147, '爬鳶嘴山-中級難度', '', '2015-02-04 00:00:00.000000', '2015-02-04 00:00:00.000000', '旅遊', '都是懸崖峭壁的爬的好辛苦嗚嗚，結果隊友還連續腳抽筋，根本悲劇幸好最後爬完了，我也鐵腿了不少天。\r\n遇到登山客還泡熱熱的茶請我們喝~他說他是清華的教官，哈哈好像每次登山都會有登山客怕我們沒有熱量體溫過低在山上悲劇，所以都會得到糖果或食物哈哈哈好開心', '2015-09-30 10:49:17.402170', '', 14),
(150, '彩虹眷村', '', '2015-02-09 00:00:00.000000', '2015-02-09 00:00:00.000000', '旅遊', ' 正所謂相擁而泣嗎哈哈，希望槍哥不要嫉妒我^_^', '2015-09-30 10:49:17.402170', '', 14),
(151, 'ACMA:GAME', '', '2015-09-30 00:00:00.000000', '2015-09-30 00:00:00.000000', '漫畫收藏', '織田照朝是一個在8年前相繼失去父母、連父親留下的巨大財團也跟著分崩離析的少年，但他憑著自己的努力，僅僅花了三年就奪回了失去的一切，並令其日益壯大。他將員工們視為自己的家族，以會長的身分決心守護他們到底。\r\n\r\n某日，能發動「只要在遊戲中獲勝就能無條件令敗者遵守勝者者要求」的「惡魔遊戲」的「惡魔鑰匙」持有者出現在照朝面前，將他捲進了這場遊戲，也讓他得知了利用惡魔遊戲在暗中操控一切的神秘組織永恆之槍的存在，並決心要將其擊敗。', '2015-09-29 20:23:57.517753', '', 14),
(152, '舞動青春', '', '2015-09-30 00:00:00.000000', '2015-09-30 00:00:00.000000', '漫畫收藏', '富士田多多良原來是個對未來沒有特別的期望，平凡的國中生。直到某一天，他與神秘的安全帽男相遇，在還沒搞清楚狀況下，就被他帶到社交舞教室。在裡面他預見與他同年，卻對未來有明確目標，希望成為職業舞者的花岡雫。\r\n\r\n「希望自己能夠有所改變。」\r\n從此踏上舞蹈之路的多多良，原本平淡的日常生活開始發生巨大的轉變──！', '2015-09-29 20:26:36.838898', '', 14),
(153, '拳願阿修羅', '', '2015-09-30 00:00:00.000000', '2015-09-30 00:00:00.000000', '漫畫收藏', '拳願競技是日本大型企業之間的鬥爭，商人們賭上巨額利益雇用鬥技者並令其對打之空手格鬥競技。原為平息商人鬥爭之手段，始於江戶中期，並傳承至現代。乃木集團慶安二年創業，以乃木英樹為中心的企業集團、發展運輸業、出版業等業種，是拳願會最古老企業之一。拳願絕命淘汰賽以賭上會長之位所舉辦的格鬥淘汰賽，其舉辦條件是必須獲得五十位會員的贊成。', '2015-09-29 20:32:01.996559', '', 14),
(154, '賺錢就請交給我市場鐵', '', '2015-09-30 00:00:00.000000', '2015-09-30 00:00:00.000000', '漫畫收藏', '市場財團的大少爺市場鐵，對於身處老家優渥環境，而無須以個人的能力獲得事物感到憂心，因而下定決心到與老家影響力隔絕的「私立學圓園學園」就讀。這所獨特的學校不論在升級、畢業、就職等各種方面，皆會依個人賺取的「金錢」來決定一切！', '2015-09-29 20:39:09.975123', '', 14),
(156, '花蓮太魯閣', '', '2015-01-24 00:00:00.000000', '2015-01-24 00:00:00.000000', '旅遊', '太魯閣的壯闊是相機拍不來的阿!!親眼見證最實在', '2015-09-30 10:49:17.402170', '', 14),
(157, '222222', '', '2015-09-30 00:00:00.000000', '2015-09-30 00:00:00.000000', '手工藝', '22222222', '2015-09-30 14:30:21.039674', '', 1),
(159, '555555', '', '2015-09-30 00:00:00.000000', '2015-09-30 00:00:00.000000', '手工藝', '555555', '2015-09-30 14:34:05.812570', '', 1);

-- --------------------------------------------------------

--
-- 資料表結構 `resultclassify`
--

CREATE TABLE IF NOT EXISTS `resultclassify` (
  `classone` varchar(20) CHARACTER SET utf8 DEFAULT '預設分類',
  `classtwo` varchar(20) CHARACTER SET utf8 DEFAULT NULL,
  `classthree` varchar(10) CHARACTER SET utf8 DEFAULT NULL,
  `classfour` varchar(10) CHARACTER SET utf8 DEFAULT NULL,
  `classfive` varchar(10) CHARACTER SET utf8 DEFAULT NULL,
  `classsix` varchar(10) CHARACTER SET utf8 DEFAULT NULL,
  `memberNo` int(5) NOT NULL
) ENGINE=InnoDB DEFAULT CHARSET=latin1;

--
-- 資料表的匯出資料 `resultclassify`
--

INSERT INTO `resultclassify` (`classone`, `classtwo`, `classthree`, `classfour`, `classfive`, `classsix`, `memberNo`) VALUES
('academic', 'Class', 'activities', 'execrise', '古箏', '手工藝', 1),
('校園', '職場', '', '', '', '', 2),
('洋神乾瞪眼', '只能看小編發文', NULL, NULL, NULL, NULL, 3),
(NULL, NULL, NULL, NULL, NULL, NULL, 4),
(NULL, NULL, NULL, NULL, NULL, NULL, 5),
(NULL, NULL, NULL, NULL, NULL, NULL, 6),
(NULL, NULL, NULL, NULL, NULL, NULL, 7),
(NULL, NULL, NULL, NULL, NULL, NULL, 8),
(NULL, NULL, NULL, NULL, NULL, NULL, 9),
(NULL, NULL, NULL, NULL, NULL, NULL, 10),
(NULL, NULL, NULL, NULL, NULL, NULL, 11),
('gg', NULL, NULL, NULL, NULL, NULL, 12),
(NULL, NULL, NULL, NULL, NULL, NULL, 13),
('電影', '課程', '漫畫收藏', '旅遊', '', NULL, 14),
('888', NULL, NULL, NULL, NULL, NULL, 15),
(NULL, NULL, NULL, NULL, NULL, NULL, 16),
('預設分類', NULL, NULL, NULL, NULL, NULL, 17),
('預設分類', NULL, NULL, NULL, NULL, NULL, 18),
('預設分類', NULL, NULL, NULL, NULL, NULL, 19),
('預設分類', NULL, NULL, NULL, NULL, NULL, 20);

-- --------------------------------------------------------

--
-- 資料表結構 `resume`
--

CREATE TABLE IF NOT EXISTS `resume` (
  `ResumeNo` int(10) NOT NULL,
  `Name` varchar(50) NOT NULL,
  `TmpHtml` varchar(255) NOT NULL,
  `TmpPdf` varchar(255) NOT NULL,
  `TmpWord` varchar(255) NOT NULL,
  `MemberNo` int(10) NOT NULL
) ENGINE=InnoDB DEFAULT CHARSET=latin1;

-- --------------------------------------------------------

--
-- 資料表結構 `verticalexistresult`
--

CREATE TABLE IF NOT EXISTS `verticalexistresult` (
  `ResultNo` int(11) NOT NULL,
  `VerticalNo` int(11) NOT NULL
) ENGINE=InnoDB DEFAULT CHARSET=latin1;

--
-- 資料表的匯出資料 `verticalexistresult`
--

INSERT INTO `verticalexistresult` (`ResultNo`, `VerticalNo`) VALUES
(0, 33),
(40, 47),
(41, 31),
(42, 23),
(43, 31),
(44, 40),
(44, 42),
(45, 40),
(45, 42),
(45, 44),
(46, 39),
(46, 41),
(46, 43),
(46, 44),
(47, 37),
(47, 43),
(47, 44),
(48, 32),
(48, 39),
(48, 40),
(50, 31),
(51, 31),
(51, 33),
(51, 36),
(52, 38),
(53, 31),
(53, 40),
(53, 41),
(53, 44),
(53, 57),
(56, 22),
(56, 31),
(56, 36),
(56, 39),
(56, 44),
(56, 52),
(56, 53),
(57, 40),
(57, 44),
(58, 40),
(58, 42),
(59, 0),
(59, 21),
(59, 22),
(59, 33),
(59, 36),
(59, 37),
(59, 41),
(59, 44),
(59, 55),
(61, 41),
(62, 47),
(63, 21),
(63, 22),
(63, 51),
(67, 47),
(68, 33),
(75, 47),
(75, 48),
(75, 49),
(84, 51),
(85, 54),
(87, 22),
(89, 58),
(90, 58),
(91, 58),
(91, 62),
(92, 58),
(93, 58),
(94, 58),
(94, 61),
(95, 58),
(95, 60),
(95, 63),
(96, 58),
(97, 58),
(98, 58),
(98, 60),
(99, 58),
(100, 59),
(101, 58),
(102, 58),
(103, 59),
(104, 58),
(105, 59),
(106, 59),
(107, 58),
(108, 58),
(109, 59),
(110, 59),
(111, 59),
(111, 60),
(112, 59),
(113, 59),
(114, 59),
(115, 59),
(116, 59),
(117, 59),
(118, 59),
(119, 59),
(120, 65),
(121, 65),
(122, 65),
(123, 65),
(124, 61),
(126, 62),
(128, 65),
(132, 64),
(133, 64),
(134, 64),
(135, 64),
(136, 64),
(137, 65),
(138, 64),
(139, 64),
(140, 63),
(140, 64),
(141, 64),
(142, 64),
(143, 64),
(144, 64),
(145, 64),
(147, 64),
(150, 64),
(151, 65),
(152, 65),
(153, 65),
(154, 65),
(156, 64);

-- --------------------------------------------------------

--
-- 資料表結構 `video`
--

CREATE TABLE IF NOT EXISTS `video` (
  `VideoNo` int(10) NOT NULL,
  `VideoUrl` varchar(30) NOT NULL,
  `ResultNo` int(10) NOT NULL
) ENGINE=InnoDB DEFAULT CHARSET=latin1;

--
-- 已匯出資料表的索引
--

--
-- 資料表索引 `addfriend`
--
ALTER TABLE `addfriend`
  ADD PRIMARY KEY (`sendMember`,`receiveMember`);

--
-- 資料表索引 `alert`
--
ALTER TABLE `alert`
  ADD PRIMARY KEY (`alertNo`);

--
-- 資料表索引 `file`
--
ALTER TABLE `file`
  ADD PRIMARY KEY (`FileNo`);

--
-- 資料表索引 `friend`
--
ALTER TABLE `friend`
  ADD PRIMARY KEY (`memberNo`,`friendNo`);

--
-- 資料表索引 `image`
--
ALTER TABLE `image`
  ADD PRIMARY KEY (`ImageNo`);

--
-- 資料表索引 `member_table`
--
ALTER TABLE `member_table`
  ADD PRIMARY KEY (`MemberNo`), ADD UNIQUE KEY `UserName` (`UserName`);

--
-- 資料表索引 `output`
--
ALTER TABLE `output`
  ADD PRIMARY KEY (`OutputNo`);

--
-- 資料表索引 `profile`
--
ALTER TABLE `profile`
  ADD UNIQUE KEY `MemberNo` (`MemberNo`);

--
-- 資料表索引 `result`
--
ALTER TABLE `result`
  ADD PRIMARY KEY (`ResultNo`);

--
-- 資料表索引 `resultclassify`
--
ALTER TABLE `resultclassify`
  ADD UNIQUE KEY `memberNo` (`memberNo`);

--
-- 資料表索引 `verticalexistresult`
--
ALTER TABLE `verticalexistresult`
  ADD PRIMARY KEY (`ResultNo`,`VerticalNo`);

--
-- 在匯出的資料表使用 AUTO_INCREMENT
--

--
-- 使用資料表 AUTO_INCREMENT `alert`
--
ALTER TABLE `alert`
  MODIFY `alertNo` int(11) NOT NULL AUTO_INCREMENT,AUTO_INCREMENT=80;
--
-- 使用資料表 AUTO_INCREMENT `file`
--
ALTER TABLE `file`
  MODIFY `FileNo` int(10) NOT NULL AUTO_INCREMENT,AUTO_INCREMENT=141;
--
-- 使用資料表 AUTO_INCREMENT `image`
--
ALTER TABLE `image`
  MODIFY `ImageNo` int(10) NOT NULL AUTO_INCREMENT,AUTO_INCREMENT=13;
--
-- 使用資料表 AUTO_INCREMENT `member_table`
--
ALTER TABLE `member_table`
  MODIFY `MemberNo` int(10) NOT NULL AUTO_INCREMENT,AUTO_INCREMENT=21;
--
-- 使用資料表 AUTO_INCREMENT `output`
--
ALTER TABLE `output`
  MODIFY `OutputNo` int(11) NOT NULL AUTO_INCREMENT,AUTO_INCREMENT=66;
--
-- 使用資料表 AUTO_INCREMENT `result`
--
ALTER TABLE `result`
  MODIFY `ResultNo` int(10) NOT NULL AUTO_INCREMENT,AUTO_INCREMENT=162;
/*!40101 SET CHARACTER_SET_CLIENT=@OLD_CHARACTER_SET_CLIENT */;
/*!40101 SET CHARACTER_SET_RESULTS=@OLD_CHARACTER_SET_RESULTS */;
/*!40101 SET COLLATION_CONNECTION=@OLD_COLLATION_CONNECTION */;
